{
    "name": "root",
    "gauges": {
        "BallAgent.Policy.Entropy.mean": {
            "value": 3.757509231567383,
            "min": 1.4923222064971924,
            "max": 3.757509231567383,
            "count": 49
        },
        "BallAgent.Policy.Entropy.sum": {
            "value": 7515.0185546875,
            "min": 2986.13671875,
            "max": 7515.0185546875,
            "count": 49
        },
        "BallAgent.Step.mean": {
            "value": 97997.0,
            "min": 1998.0,
            "max": 97997.0,
            "count": 49
        },
        "BallAgent.Step.sum": {
            "value": 97997.0,
            "min": 1998.0,
            "max": 97997.0,
            "count": 49
        },
        "BallAgent.Policy.ExtrinsicValueEstimate.mean": {
            "value": -0.2864430844783783,
            "min": -4.5576276779174805,
            "max": 1.116601586341858,
            "count": 49
        },
        "BallAgent.Policy.ExtrinsicValueEstimate.sum": {
            "value": -195.0677490234375,
            "min": -3181.22412109375,
            "max": 761.5222778320312,
            "count": 49
        },
        "BallAgent.Environment.EpisodeLength.mean": {
            "value": 37.80392156862745,
            "min": 19.484848484848484,
            "max": 48.8974358974359,
            "count": 49
        },
        "BallAgent.Environment.EpisodeLength.sum": {
            "value": 1928.0,
            "min": 1889.0,
            "max": 2028.0,
            "count": 49
        },
        "BallAgent.Environment.CumulativeReward.mean": {
            "value": -4.5882004907756455,
            "min": -12.422209731895816,
            "max": 1.8197576592163163,
            "count": 49
        },
        "BallAgent.Environment.CumulativeReward.sum": {
            "value": -233.99822502955794,
            "min": -1229.7987634576857,
            "max": 89.1681253015995,
            "count": 49
        },
        "BallAgent.Policy.ExtrinsicReward.mean": {
            "value": -4.5882004907756455,
            "min": -12.422209731895816,
            "max": 1.8197576592163163,
            "count": 49
        },
        "BallAgent.Policy.ExtrinsicReward.sum": {
            "value": -233.99822502955794,
            "min": -1229.7987634576857,
            "max": 89.1681253015995,
            "count": 49
        },
        "BallAgent.Losses.PolicyLoss.mean": {
            "value": 0.13701477930867226,
            "min": 0.11197811601284359,
            "max": 0.14121265092004856,
            "count": 49
        },
        "BallAgent.Losses.PolicyLoss.sum": {
            "value": 0.9591034551607058,
            "min": 0.7838468120899051,
            "max": 1.1297012073603885,
            "count": 49
        },
        "BallAgent.Losses.ValueLoss.mean": {
            "value": 0.3805600251791822,
            "min": 0.03936431057566855,
            "max": 4.736519948734592,
            "count": 49
        },
        "BallAgent.Losses.ValueLoss.sum": {
            "value": 2.6639201762542752,
            "min": 0.3149144846053484,
            "max": 37.892159589876734,
            "count": 49
        },
        "BallAgent.Policy.LearningRate.mean": {
            "value": 0.02418052287654111,
            "min": 0.02418052287654111,
            "max": 0.0299380800002064,
            "count": 49
        },
        "BallAgent.Policy.LearningRate.sum": {
            "value": 0.16926366013578778,
            "min": 0.16926366013578778,
            "max": 0.2385753600047488,
            "count": 49
        },
        "BallAgent.Policy.Epsilon.mean": {
            "value": 0.18060174285714287,
            "min": 0.18060174285714287,
            "max": 0.19979360000000002,
            "count": 49
        },
        "BallAgent.Policy.Epsilon.sum": {
            "value": 1.2642122,
            "min": 1.2642122,
            "max": 1.5952511999999999,
            "count": 49
        },
        "BallAgent.Policy.Beta.mean": {
            "value": 0.004032026968571428,
            "min": 0.004032026968571428,
            "max": 0.00498970064,
            "count": 49
        },
        "BallAgent.Policy.Beta.sum": {
            "value": 0.02822418878,
            "min": 0.02822418878,
            "max": 0.039763034880000006,
            "count": 49
        },
        "BallAgent.IsTraining.mean": {
            "value": 1.0,
            "min": 1.0,
            "max": 1.0,
            "count": 49
        },
        "BallAgent.IsTraining.sum": {
            "value": 1.0,
            "min": 1.0,
            "max": 1.0,
            "count": 49
        }
    },
    "metadata": {
        "timer_format_version": "0.1.0",
        "start_time_seconds": "1706810626",
        "python_version": "3.10.12 | packaged by Anaconda, Inc. | (main, Jul  5 2023, 19:01:18) [MSC v.1916 64 bit (AMD64)]",
        "command_line_arguments": "C:\\Users\\joseb\\anaconda3\\envs\\ML-Unity\\Scripts\\mlagents-learn BallAgent.yml --force",
        "mlagents_version": "1.1.0.dev0",
        "mlagents_envs_version": "1.1.0.dev0",
        "communication_protocol_version": "1.5.0",
        "pytorch_version": "1.13.1+cpu",
        "numpy_version": "1.23.5",
        "end_time_seconds": "1706811580"
    },
    "total": 953.2891600000003,
    "count": 1,
    "self": 0.009409300007973798,
    "children": {
        "run_training.setup": {
            "total": 0.1388940999895567,
            "count": 1,
            "self": 0.1388940999895567
        },
        "TrainerController.start_learning": {
            "total": 953.1408566000027,
            "count": 1,
            "self": 2.666040501164389,
            "children": {
                "TrainerController._reset_env": {
                    "total": 8.626159799998277,
                    "count": 1,
                    "self": 8.626159799998277
                },
                "TrainerController.advance": {
                    "total": 941.447509398844,
                    "count": 100679,
                    "self": 2.2521564996422967,
                    "children": {
                        "env_step": {
                            "total": 813.6130394979991,
                            "count": 100679,
                            "self": 661.4644501955627,
                            "children": {
                                "SubprocessEnvManager._take_step": {
                                    "total": 150.6257370012463,
                                    "count": 100679,
                                    "self": 6.0623478003253695,
                                    "children": {
                                        "TorchPolicy.evaluate": {
                                            "total": 144.56338920092094,
                                            "count": 98574,
                                            "self": 144.56338920092094
                                        }
                                    }
                                },
                                "workers": {
                                    "total": 1.5228523011901416,
                                    "count": 100678,
                                    "self": 0.0,
                                    "children": {
                                        "worker_root": {
                                            "total": 875.6915223995893,
                                            "count": 100678,
                                            "is_parallel": true,
                                            "self": 396.9825512968382,
                                            "children": {
                                                "steps_from_proto": {
                                                    "total": 0.000658600009046495,
                                                    "count": 1,
                                                    "is_parallel": true,